[0.84449685,-0.0632082];[8.71352775e-04,-3.44483797e-04,-1.22288084e-01,9.92494205e-01];[[1.54078988, -0.52059823], [3.94818583, -0.70651629], [0.0, 0.0], [0.0, 0.0], [0.0, 0.0], [0.0, 0.0], [0.0, 0.0], [0.0, 0.0], [0.0, 0.0], [0.0, 0.0]];[[98.0395405591958], [90.87196199463305], [0], [0], [0], [0], [0], [0], [0], [0]];[1.54078988,-0.52059823]
[1.34571198,-0.38992209];[1.21241542e-04,1.74919832e-04,-2.47807074e-01,9.68809372e-01];[[0.62762972, -0.55891611], [6.30000009, -0.29999997], [0.0, 0.0], [0.0, 0.0], [0.0, 0.0], [0.0, 0.0], [0.0, 0.0], [0.0, 0.0], [0.0, 0.0], [0.0, 0.0]];[[44663.546668003815], [165.01478710059195], [0], [0], [0], [0], [0], [0], [0], [0]];[0.62762972,-0.55891611]
[0.35264107,-0.68915321];[0.00921822,-0.00766106,0.95422679,-0.29884371];[[4.11385857, -1.34050925], [-0.05547775, -0.70292116], [0.0, 0.0], [0.0, 0.0], [0.0, 0.0], [0.0, 0.0], [0.0, 0.0], [0.0, 0.0], [0.0, 0.0], [0.0, 0.0]];[[8.043000519238927], [591.0989120447543], [0], [0], [0], [0], [0], [0], [0], [0]];[-0.05547775,-0.70292116]
[0.16135743,-0.65981859];[0.01103793,-0.00465443,0.99726963,-0.07286833];[[4.00000029, -1.4], [6.09048319, -1.6114881], [0.0, 0.0], [0.0, 0.0], [0.0, 0.0], [0.0, 0.0], [0.0, 0.0], [0.0, 0.0], [0.0, 0.0], [0.0, 0.0]];[[8.043000519238927], [7.411575270017116], [0], [0], [0], [0], [0], [0], [0], [0]];[4.00000029,-1.4]
[0.08059234,0.08847188];[6.47817584e-04,1.28418282e-02,1.37599482e-02,9.99822646e-01];[[-0.992549, -1.72344697], [4.00000033, -1.39999986], [-1.39999975, 1.80000019], [0.0, 0.0], [0.0, 0.0], [0.0, 0.0], [0.0, 0.0], [0.0, 0.0], [0.0, 0.0], [0.0, 0.0]];[[64.89236674055287], [6.467207938645686], [6.920833499311879], [0], [0], [0], [0], [0], [0], [0]];[-0.992549,-1.72344697]
[-0.89006484,-1.50930926];[-0.01261845,0.00435345,-0.82885633,0.55930224];[[1.97518265, -1.31459975], [6.10764027, -1.61741257], [4.00000033, -1.49999974], [0.20000028, -1.19999974], [-3.67968869, 0.19320959], [0.0, 0.0], [0.0, 0.0], [0.0, 0.0], [0.0, 0.0], [0.0, 0.0]];[[428.85777748558036], [5.064090548382724], [97.2868962667397], [484.4879274332443], [5.322301945672309], [0], [0], [0], [0], [0]];[0.20000028,-1.19999974]
[0.07997414,-1.19909685];[-0.00287483,0.01606434,0.01899118,0.99968646];[[0.65000028, -3.89999995], [-1.43192884, -3.25586555], [-3.56666645, -3.73333335], [4.00000033, -1.49999992], [6.13881922, -1.60410225], [0.0, 0.0], [0.0, 0.0], [0.0, 0.0], [0.0, 0.0], [0.0, 0.0]];[[5.744261322562206], [5.744261322562214], [5.461162438208131], [171.0347870871856], [96.3244009866114], [0], [0], [0], [0], [0]];[4.00000033,-1.49999992]
[4.18420699,-1.46034122];[-0.0015374,0.01485964,-0.11616931,0.99311707];[[-3.18425193, -3.87821266], [3.73333366, -3.93333359], [0.66666695, -4.03333354], [5.60000036, 1.39999985], [-0.18433692, 2.18993473], [0.0, 0.0], [0.0, 0.0], [0.0, 0.0], [0.0, 0.0], [0.0, 0.0]];[[6.231535758448787], [6.777879423006785], [6.492803453404127], [6.492803453404121], [57.98937431165258], [0], [0], [0], [0], [0]];[-0.18433692,2.18993473]
[-0.30575498,2.24290055];[0.01300553,0.00917866,0.89884357,0.43798042];[[1.20325423, -4.81302789], [-3.60244792, -3.93473655], [6.23876299, -5.00738904], [-1.70103619, 2.10196698], [4.60000034, 1.69999977], [3.20000032, -4.40000032], [-1.59999975, -3.40000031], [0.0, 0.0], [0.0, 0.0], [0.0, 0.0]];[[20.203064717727262], [6.094712700395167], [5.90304310090648], [20.279118513434376], [6.300018669820154], [6.09471270039517], [6.09471270039517], [0], [0], [0]];[-1.70103619,2.10196698]
[-1.45205792,2.13009742];[0.01528982,0.00134023,0.99829464,-0.0563226];[[0.11125059, 3.08554295], [-3.49999978, -3.65000031], [6.40000037, -5.10000033], [4.60000034, 1.69999977], [3.20000032, -4.40000032], [2.0000003, -5.70000034], [0.40000028, -4.20000032], [-1.59999975, -3.40000031], [-1.69999975, 1.99999977], [0.0, 0.0]];[[6.576076846037411], [6.152276098154452], [5.78216450876594], [6.15227609815446], [6.152276098154452], [5.961121040245522], [33.80451047634472], [6.152276098154452], [6.576076846037411], [0]];[0.40000028,-4.20000032]
[0.3214626,-3.95205075];[-0.01726998,0.01217253,-0.60605638,0.79514102];[[-2.65779844, -3.80491537], [0.10000027, 3.19999979], [3.75000033, -5.15000033], [2.45000031, -6.30000035], [4.60000034, 1.69999977], [-1.69999975, 1.99999977], [0.0, 0.0], [0.0, 0.0], [0.0, 0.0], [0.0, 0.0]];[[6.498704339702729], [13.343850998506916], [5.105296686569847], [5.105517031059245], [4.977530919965086], [20.892302913821503], [0], [0], [0], [0]];[-1.69999975,1.99999977]
[-4.61685978,3.49114122];[-0.01451568,-0.05141304,0.87751206,-0.47656959];[[-3.77842878, -3.99833159], [6.00000041, -5.70000034], [0.77516475, 5.5563481], [-6.09999977, 3.8999998], [5.10000039, 1.79999977], [2.40000035, 3.7999998], [2.40000035, -6.30000035], [-1.59999971, -3.50000031], [0.0, 0.0], [0.0, 0.0]];[[0.0], [18.36748873507906], [42.90653020061991], [0.0], [18.617439676327194], [18.88199190690697], [18.602393332635682], [18.90646775946391], [0], [0]];[0.77516475,5.5563481]
[0.19062829,-0.35949369];[7.42691062e-04,-4.94148762e-04,-6.03388595e-01,7.97446812e-01];[[0.80483977, -0.60243477], [3.86853218, 0.07843692], [0.0, 0.0], [0.0, 0.0], [0.0, 0.0], [0.0, 0.0], [0.0, 0.0], [0.0, 0.0], [0.0, 0.0], [0.0, 0.0]];[[271796.9859741662], [615.8972564175629], [0], [0], [0], [0], [0], [0], [0], [0]];[0.80483977,-0.60243477]
[0.61357897,-0.48327734];[0.00131107,0.00109897,-0.26276822,0.96485747];[[4.30000006, -1.39999999], [0.40000001, -0.89999999], [0.0, 0.0], [0.0, 0.0], [0.0, 0.0], [0.0, 0.0], [0.0, 0.0], [0.0, 0.0], [0.0, 0.0], [0.0, 0.0]];[[17.893720411520153], [96522.29874437084], [0], [0], [0], [0], [0], [0], [0], [0]];[0.40000001,-0.89999999]
[4.42100719,-1.36712184];[0.00433994,-0.00150672,-0.14658462,0.98918747];[[0.12851463, -3.84969594], [5.2000001, 1.90000008], [0.20000002, -1.79999997], [6.60000012, -5.39999987], [5.3000001, -4.40000017], [2.90000006, -3.79999985], [2.60000006, -5.29999987], [0.0, 0.0], [0.0, 0.0], [0.0, 0.0]];[[127.4394169554086], [23.527367832465952], [947.9595634590852], [23.8300973553104], [0.0], [0.0], [23.53540458800105], [0], [0], [0]];[0.20000002,-1.79999997]
[-0.01176573,-1.86360608];[-8.62219321e-05,-5.27254832e-03,9.99876328e-01,1.48163983e-02];[[5.2000001, 1.90000034], [0.60000003, -3.89999975], [-0.29999999, -0.6999997], [0.0, 0.0], [0.0, 0.0], [0.0, 0.0], [0.0, 0.0], [0.0, 0.0], [0.0, 0.0], [0.0, 0.0]];[[21.340770611054232], [93.40896199580075], [172.29645879025125], [0], [0], [0], [0], [0], [0], [0]];[-0.29999999,-0.6999997]
[-0.20787606,-0.92004808];[-2.86378551e-04,-2.87795592e-03,7.95841182e-01,6.05498510e-01];[[0.72552732, -3.90092725], [5.2000001, 1.90000034], [0.0, 0.0], [0.0, 0.0], [0.0, 0.0], [0.0, 0.0], [0.0, 0.0], [0.0, 0.0], [0.0, 0.0], [0.0, 0.0]];[[84.25755569488658], [21.340770611054257], [0], [0], [0], [0], [0], [0], [0], [0]];[0.72552732,-3.90092725]
[0.69121577,-3.69773944];[0.01651038,-0.0013134,-0.67351073,0.73899185];[[-0.1230328, 1.30364096], [5.40000037, 2.00000034], [-0.69999972, -1.59999971], [-2.99999976, -3.29999974], [0.0, 0.0], [0.0, 0.0], [0.0, 0.0], [0.0, 0.0], [0.0, 0.0], [0.0, 0.0]];[[261.6590081906961], [18.182275181519387], [182.79401682529502], [61.943903214075625], [0], [0], [0], [0], [0], [0]];[-0.1230328,1.30364096]
[0.77935518,-2.27418348];[0.01471984,-0.00605387,-0.10553433,0.99428828];[[-2.51510739, -0.00784091], [-0.34999972, 1.65000033], [5.40000037, 2.00000034], [-0.69999972, -1.59999971], [-2.99999976, -3.29999974], [0.0, 0.0], [0.0, 0.0], [0.0, 0.0], [0.0, 0.0], [0.0, 0.0]];[[24.12469793844663], [82.44153059167023], [10.226202041920647], [70.75117507139795], [10.607987977690843], [0], [0], [0], [0], [0]];[-0.34999972,1.65000033]
[-0.81381601,-1.51049392];[-0.00619775,-0.01403234,0.99274052,0.1192935];[[-0.11540589, 1.30412388], [5.40000037, 2.00000034], [-2.38258767, -0.00163877755], [-2.99999976, -3.29999974], [0.0, 0.0], [0.0, 0.0], [0.0, 0.0], [0.0, 0.0], [0.0, 0.0], [0.0, 0.0]];[[21.88126127302702], [9.66145589207681], [10.344176244855102], [10.344176244855095], [0], [0], [0], [0], [0], [0]];[-0.11540589,1.30412388]
[0.0257068,1.08944206];[0.00434041,-0.01379059,0.67520644,0.73748712];[[0.8600003, 3.08000036], [5.40000037, 2.00000034], [-0.69999972, -1.59999971], [-2.99999976, -3.29999974], [0.0, 0.0], [0.0, 0.0], [0.0, 0.0], [0.0, 0.0], [0.0, 0.0], [0.0, 0.0]];[[9.864537850228368], [9.549154453039408], [123.88662435487157], [9.549154453039419], [0], [0], [0], [0], [0], [0]];[-0.69999972,-1.59999971]
[-0.41853943,0.1569652];[0.0062816,-0.0124448,0.55540312,0.8314644];[[2.30000032, 2.70000035], [-0.09999971, 4.10000037], [-0.69999972, -1.59999971], [-2.48384237, -0.00199232064], [-2.99999976, -3.29999974], [0.0, 0.0], [0.0, 0.0], [0.0, 0.0], [0.0, 0.0], [0.0, 0.0]];[[9.84481943314813], [9.844819433148137], [51.458189651196896], [10.160594225341695], [9.844819433148121], [0], [0], [0], [0], [0]];[-0.69999972,-1.59999971]
[-0.68862612,-1.35535501];[0.01521959,0.00196745,-0.71726637,0.69663006];[[6.20000038, 2.20000034], [2.20000032, 2.60000035], [0.27752531, 3.5928309], [-0.5119763, 1.71513414], [-2.99999976, -3.29999974], [0.0, 0.0], [0.0, 0.0], [0.0, 0.0], [0.0, 0.0], [0.0, 0.0]];[[9.142231639790118], [49.573450639827406], [37.358731864437665], [9.41072203441849], [9.69455518966561], [0], [0], [0], [0], [0]];[2.20000032,2.60000035]
[2.2262615,2.68102358];[0.00636885,-0.00937458,0.3542749,0.93507263];[[6.20000038, 2.20000034], [-0.49999972, 5.60000039], [-1.29999973, -2.79999973], [-3.19999976, -3.09999974], [0.0, 0.0], [0.0, 0.0], [0.0, 0.0], [0.0, 0.0], [0.0, 0.0], [0.0, 0.0]];[[9.805988812322171], [9.805988812322171], [18.67497971591425], [9.556103575166562], [0], [0], [0], [0], [0], [0]];[-1.29999973,-2.79999973]
[-1.2009718,-2.58800376];[0.00891622,-0.00176821,-0.83531362,0.54969856];[[-0.59999972, 5.00000038], [-3.19999976, -3.09999974], [-4.79999978, 2.30000034], [0.0, 0.0], [0.0, 0.0], [0.0, 0.0], [0.0, 0.0], [0.0, 0.0], [0.0, 0.0], [0.0, 0.0]];[[30.665276477331386], [10.50120757386956], [10.047282669781556], [0], [0], [0], [0], [0], [0], [0]];[-0.59999972,5.00000038]
[0.19038374,-0.73184148];[0.00310994,0.00090407,-0.62739587,0.77869373];[[-0.59999971, 5.00000038], [-3.79999975, -2.89999973], [-4.79999977, 2.30000034], [0.0, 0.0], [0.0, 0.0], [0.0, 0.0], [0.0, 0.0], [0.0, 0.0], [0.0, 0.0], [0.0, 0.0]];[[10.237022330152334], [10.237022330152342], [10.019766435764643], [0], [0], [0], [0], [0], [0], [0]];[-3.79999975,-2.89999973]
[-3.58722268,-2.81464805];[-0.00447701,-0.00453086,0.9882204,-0.15290479];[[-0.59999971, 5.00000038], [-4.79999977, 2.30000034], [0.0, 0.0], [0.0, 0.0], [0.0, 0.0], [0.0, 0.0], [0.0, 0.0], [0.0, 0.0], [0.0, 0.0], [0.0, 0.0]];[[9.150334276730762], [9.701996887011482], [0], [0], [0], [0], [0], [0], [0], [0]];[-4.79999977,2.30000034]
[-4.72446613,2.1089839];[0.00139233,-0.00150847,0.78142644,0.623994];[[-6.10268527, -2.42696072], [-6.25000032, 0.35000032], [-0.60000024, 5.00000038], [0.0, 0.0], [0.0, 0.0], [0.0, 0.0], [0.0, 0.0], [0.0, 0.0], [0.0, 0.0], [0.0, 0.0]];[[9.424894558701324], [9.600610070120702], [8.779267534269794], [0], [0], [0], [0], [0], [0], [0]];[-6.25000032,0.35000032]
[-4.23233026,1.90839443];[-7.69321746e-03,-6.62659439e-04,9.47948391e-01,3.18330371e-01];[[-5.65524739, -2.45816232], [-6.46666625, 0.70000032], [-0.5999995, 5.00000038], [0.0, 0.0], [0.0, 0.0], [0.0, 0.0], [0.0, 0.0], [0.0, 0.0], [0.0, 0.0], [0.0, 0.0]];[[9.455534840939077], [9.630624868642819], [8.811812879437115], [0], [0], [0], [0], [0], [0], [0]];[-6.46666625,0.70000032]
[-6.24896478,0.82694475];[-6.15827947e-03,-8.18221941e-04,9.67523606e-01,-2.52704313e-01];[[-0.60000026, 5.00000038], [-5.90000034, -2.09999972], [0.0, 0.0], [0.0, 0.0], [0.0, 0.0], [0.0, 0.0], [0.0, 0.0], [0.0, 0.0], [0.0, 0.0], [0.0, 0.0]];[[8.658056802785815], [9.576494974581651], [0], [0], [0], [0], [0], [0], [0], [0]];[-5.90000034,-2.09999972]
[0.81155549,-0.1004832];[5.50998422e-04,5.00824112e-06,-7.22431983e-02,9.97386901e-01];[[4.58452657, -0.57226715], [0.48056104, -0.50665024], [0.0, 0.0], [0.0, 0.0], [0.0, 0.0], [0.0, 0.0], [0.0, 0.0], [0.0, 0.0], [0.0, 0.0], [0.0, 0.0]];[[18.861875091831426], [75714.2116444623], [0], [0], [0], [0], [0], [0], [0], [0]];[0.48056104,-0.50665024]
[0.57333586,-0.40846677];[8.00704573e-04,-5.30913704e-04,-8.53084021e-01,5.21772684e-01];[[0.40882258, -0.77799714], [4.36239234, -1.30261828], [0.0, 0.0], [0.0, 0.0], [0.0, 0.0], [0.0, 0.0], [0.0, 0.0], [0.0, 0.0], [0.0, 0.0], [0.0, 0.0]];[[2891.584508144466], [6.554104836393944], [0], [0], [0], [0], [0], [0], [0], [0]];[0.40882258,-0.77799714]
[0.44353696,-0.52584798];[-1.68035717e-03,8.39635404e-04,9.09476972e-01,-4.15750057e-01];[[4.69094116, -1.16870828], [0.34446875, -2.45546038], [5.85890766, -0.20906645], [0.0, 0.0], [0.0, 0.0], [0.0, 0.0], [0.0, 0.0], [0.0, 0.0], [0.0, 0.0], [0.0, 0.0]];[[6.5175285026419045], [544.739579859913], [6.5175285026419], [0], [0], [0], [0], [0], [0], [0]];[0.34446875,-2.45546038]
[0.28170851,-2.66733078];[-0.00493148,0.00325079,-0.66087398,0.75047365];[[5.10647912, -0.929324], [-1.29999997, -0.2999995], [0.0, 0.0], [0.0, 0.0], [0.0, 0.0], [0.0, 0.0], [0.0, 0.0], [0.0, 0.0], [0.0, 0.0], [0.0, 0.0]];[[0.0], [64.94278222025407], [0], [0], [0], [0], [0], [0], [0], [0]];[-1.29999997,-0.2999995]
[-0.00661263,-1.04060975];[0.0025163,0.00592342,0.94804343,0.31807583];[[5.80000014, -0.59999951], [4.10000011, -1.29999952], [3.7000001, -3.39999955], [1.50000007, -3.29999955], [0.0, 0.0], [0.0, 0.0], [0.0, 0.0], [0.0, 0.0], [0.0, 0.0], [0.0, 0.0]];[[0.0], [0.0], [0.0], [0.0], [0], [0], [0], [0], [0], [0]];[5.80000014,-0.59999951]
[5.30266022,-0.66093688];[-0.0058254,0.01273845,-0.03951702,0.99912072];[[-0.56474418, 1.86898715], [5.60000013, 1.90000053], [4.10000011, -3.09999954], [1.50000007, -3.29999955], [0.52282131, -5.80637789], [0.0, 0.0], [0.0, 0.0], [0.0, 0.0], [0.0, 0.0], [0.0, 0.0]];[[0.0], [0.0], [0.0], [0.0], [0.0], [0], [0], [0], [0], [0]];[-0.56474418,1.86898715]
[-0.69878502,1.88468757];[3.77543160e-04,2.97703572e-03,9.53384216e-01,3.01744148e-01];[[-0.54812731, 1.54261787], [6.89999999, -4.89999957], [4.03011179, 1.51922405], [0.0, 0.0], [0.0, 0.0], [0.0, 0.0], [0.0, 0.0], [0.0, 0.0], [0.0, 0.0], [0.0, 0.0]];[[0.0], [0.0], [0.0], [0], [0], [0], [0], [0], [0], [0]];[-0.54812731,1.54261787]
[-0.41097968,1.31317009];[-3.05135567e-04,6.01001693e-04,-6.30052294e-01,7.76552416e-01];[[4.61249254, -4.70315456], [-0.09348197, 1.4011998], [6.90000019, -4.89999957], [-5.19999979, 1.70000053], [0.0, 0.0], [0.0, 0.0], [0.0, 0.0], [0.0, 0.0], [0.0, 0.0], [0.0, 0.0]];[[0.0], [0.0], [0.0], [0.0], [0], [0], [0], [0], [0], [0]];[4.61249254,-4.70315456]
[4.46392623,-4.50597022];[0.00311547,0.00496393,-0.4703758,0.88244674];[[5.68023592, 1.57132909], [-2.30874517, 1.9173183], [4.20000035, -5.49999958], [-0.38093206, 2.90768838], [0.0, 0.0], [0.0, 0.0], [0.0, 0.0], [0.0, 0.0], [0.0, 0.0], [0.0, 0.0]];[[0.0], [0.0], [0.0], [0.0], [0], [0], [0], [0], [0], [0]];[5.68023592,1.57132909]
[5.61515281,1.327227];[0.00291789,0.00726391,0.60539412,0.79588736];[[2.50000032, 2.05000053], [4.20000035, -5.59999958], [-2.79999975, 2.10000053], [0.0, 0.0], [0.0, 0.0], [0.0, 0.0], [0.0, 0.0], [0.0, 0.0], [0.0, 0.0], [0.0, 0.0]];[[0.0], [0.0], [0.0], [0], [0], [0], [0], [0], [0], [0]];[2.50000032,2.05000053]
[2.74021055,2.02620386];[0.0065222,0.00527486,0.99993618,0.00756856];[[4.09389928, -5.32798083], [-3.23655703, 1.99865044], [1.50000031, 1.90000053], [0.0, 0.0], [0.0, 0.0], [0.0, 0.0], [0.0, 0.0], [0.0, 0.0], [0.0, 0.0], [0.0, 0.0]];[[0.0], [0.0], [0.0], [0], [0], [0], [0], [0], [0], [0]];[4.09389928,-5.32798083]
[4.07421743,-5.09918934];[-0.00859194,-0.0014951,-0.70859358,0.70556296];[[2.80000033, -5.99999959], [-0.09999971, 2.90000055], [0.0, 0.0], [0.0, 0.0], [0.0, 0.0], [0.0, 0.0], [0.0, 0.0], [0.0, 0.0], [0.0, 0.0], [0.0, 0.0]];[[0.0], [0.0], [0], [0], [0], [0], [0], [0], [0], [0]];[2.80000033,-5.99999959]
[-0.09209846,2.76110055];[0.00226674,0.00841522,0.7380004,0.674744];[[0.9500003, 2.90000055], [-1.59999974, -4.59999956], [0.0, 0.0], [0.0, 0.0], [0.0, 0.0], [0.0, 0.0], [0.0, 0.0], [0.0, 0.0], [0.0, 0.0], [0.0, 0.0]];[[0.0], [0.0], [0], [0], [0], [0], [0], [0], [0], [0]];[0.9500003,2.90000055]
[0.69708647,2.83993677];[-0.00360106,0.00939895,0.14455268,0.98944592];[[-1.59999974, -4.59999956], [-2.89999976, 5.50000059], [0.0, 0.0], [0.0, 0.0], [0.0, 0.0], [0.0, 0.0], [0.0, 0.0], [0.0, 0.0], [0.0, 0.0], [0.0, 0.0]];[[0.0], [0.10140702773278187], [0], [0], [0], [0], [0], [0], [0], [0]];[-2.89999976,5.50000059]
[-2.69545826,5.3456953];[0.00669762,0.00924239,0.9468622,0.32143694];[[-1.60000027, -4.59999956], [-6.30000034, 2.50000054], [0.0, 0.0], [0.0, 0.0], [0.0, 0.0], [0.0, 0.0], [0.0, 0.0], [0.0, 0.0], [0.0, 0.0], [0.0, 0.0]];[[0.0], [0.0], [0], [0], [0], [0], [0], [0], [0], [0]];[-1.60000027,-4.59999956]
[-1.58227433,-4.41564555];[-0.00759152,0.00130541,-0.74498223,0.66703983];[[-2.99999953, -3.99999956], [-6.49999958, 1.20000052], [0.0, 0.0], [0.0, 0.0], [0.0, 0.0], [0.0, 0.0], [0.0, 0.0], [0.0, 0.0], [0.0, 0.0], [0.0, 0.0]];[[0.0], [0.0], [0], [0], [0], [0], [0], [0], [0], [0]];[-2.99999953,-3.99999956]
[-1.6097425,-4.40064896];[-7.98722230e-03,6.64588270e-04,-7.92012151e-01,6.10452714e-01];[[-2.99999953, -3.99999956], [-6.49999958, 1.20000052], [0.0, 0.0], [0.0, 0.0], [0.0, 0.0], [0.0, 0.0], [0.0, 0.0], [0.0, 0.0], [0.0, 0.0], [0.0, 0.0]];[[0.0], [0.0], [0], [0], [0], [0], [0], [0], [0], [0]];[-2.99999953,-3.99999956]
[-1.61158529,-4.08227073];[0.00777376,0.00226199,0.96635469,-0.25708573];[[-2.99999953, -3.99999956], [-6.49999958, 1.20000052], [-6.71007109, 5.69001341], [0.0, 0.0], [0.0, 0.0], [0.0, 0.0], [0.0, 0.0], [0.0, 0.0], [0.0, 0.0], [0.0, 0.0]];[[0.0], [0.0], [0.0], [0], [0], [0], [0], [0], [0], [0]];[-2.99999953,-3.99999956]
[-2.75237214,-3.99420836];[0.0080614,0.00264415,0.99922212,-0.03851225];[[-2.99999953, -3.39999955], [-6.49999958, 1.20000052], [0.0, 0.0], [0.0, 0.0], [0.0, 0.0], [0.0, 0.0], [0.0, 0.0], [0.0, 0.0], [0.0, 0.0], [0.0, 0.0]];[[0.0], [0.0], [0], [0], [0], [0], [0], [0], [0], [0]];[-2.99999953,-3.39999955]
[-2.93270042,-3.47877169];[0.0062478,-0.00236284,0.89414411,0.44772949];[[-3.79999954, -2.93333287], [-6.49999958, 1.20000052], [-6.69999958, -2.59999954], [0.0, 0.0], [0.0, 0.0], [0.0, 0.0], [0.0, 0.0], [0.0, 0.0], [0.0, 0.0], [0.0, 0.0]];[[0.0], [0.0], [0.0], [0], [0], [0], [0], [0], [0], [0]];[-3.79999954,-2.93333287]
[-3.60748276,-3.05904194];[0.00677433,-0.00305254,0.95295889,0.3030085];[[-6.49999958, 1.20000052], [-6.69999958, -2.59999954], [-6.91235209, 5.88033533], [0.0, 0.0], [0.0, 0.0], [0.0, 0.0], [0.0, 0.0], [0.0, 0.0], [0.0, 0.0], [0.0, 0.0]];[[0.0], [0.0], [0.0], [0], [0], [0], [0], [0], [0], [0]];[-6.49999958,1.20000052]
[-3.99416933,-0.98158157];[0.00471809,-0.00167902,0.93400689,0.35721987];[[-3.49999953, -3.34999955], [-5.69999957, -0.69999951], [-6.79999958, -3.09999954], [0.0, 0.0], [0.0, 0.0], [0.0, 0.0], [0.0, 0.0], [0.0, 0.0], [0.0, 0.0], [0.0, 0.0]];[[0.0], [0.0], [0.0], [0], [0], [0], [0], [0], [0], [0]];[-3.49999953,-3.34999955]
[-3.53899379,-3.10099526];[0.00448415,-0.00643565,-0.66678694,0.74520712];[[-2.29999952, -6.49999978], [-3.79999954, -3.39999973], [-4.19999954, -6.79999978], [-5.79999957, -2.09999971], [0.0, 0.0], [0.0, 0.0], [0.0, 0.0], [0.0, 0.0], [0.0, 0.0], [0.0, 0.0]];[[0.0], [0.0], [0.0], [0.0], [0], [0], [0], [0], [0], [0]];[-2.29999952,-6.49999978]
[-2.2677978,-6.78944577];[0.0093146,0.00222357,-0.51059052,0.85977068];[[-3.79999954, -3.5000003], [-5.79999957, -2.10000028], [0.0, 0.0], [0.0, 0.0], [0.0, 0.0], [0.0, 0.0], [0.0, 0.0], [0.0, 0.0], [0.0, 0.0], [0.0, 0.0]];[[0.0], [0.0], [0], [0], [0], [0], [0], [0], [0], [0]];[-3.79999954,-3.5000003]
[1.47437767,-0.34640975];[9.12234907e-04,2.31555534e-04,-1.47515392e-01,9.89059308e-01];[[4.30000006, -1.34999999], [5.80893421, -0.83109725], [0.0, 0.0], [0.0, 0.0], [0.0, 0.0], [0.0, 0.0], [0.0, 0.0], [0.0, 0.0], [0.0, 0.0], [0.0, 0.0]];[[24.24559509616067], [24.165601847127938], [0], [0], [0], [0], [0], [0], [0], [0]];[4.30000006,-1.34999999]
[3.50046965,-0.66652686];[0.00125881,0.001398,-0.2324194,0.97261384];[[5.17634117, -1.80130361], [5.40000008, 1.90000011], [0.0, 0.0], [0.0, 0.0], [0.0, 0.0], [0.0, 0.0], [0.0, 0.0], [0.0, 0.0], [0.0, 0.0], [0.0, 0.0]];[[50.849532316455786], [45.74052604139696], [0], [0], [0], [0], [0], [0], [0], [0]];[5.17634117,-1.80130361]
[5.29504765,-1.8398451];[0.00143303,0.00338949,-0.39997785,0.91651742];[[6.36743151, -4.22453806], [3.70000006, -3.59999983], [5.40000008, 1.70000026], [1.91534328, -1.60061109], [0.0, 0.0], [0.0, 0.0], [0.0, 0.0], [0.0, 0.0], [0.0, 0.0], [0.0, 0.0]];[[0.0], [51.47592990828687], [47.12318738720561], [1704.9561795187988], [0], [0], [0], [0], [0], [0]];[1.91534328,-1.60061109]
[1.95263533,-1.94488751];[3.03082488e-03,-5.79959206e-04,9.57080770e-01,2.89804870e-01];[[0.64689105, -2.78009673], [6.4000001, -5.00000015], [5.40000008, 1.69999995], [0.0, 0.0], [0.0, 0.0], [0.0, 0.0], [0.0, 0.0], [0.0, 0.0], [0.0, 0.0], [0.0, 0.0]];[[13.294422702297085], [12.303363671554918], [12.303363671554918], [0], [0], [0], [0], [0], [0], [0]];[0.64689105,-2.78009673]
[0.79024909,-2.7378321];[4.44892928e-05,7.96465966e-04,9.84731065e-01,-1.74080710e-01];[[6.82159735, -4.85601123], [5.4000001, 1.69999995], [0.70000003, -3.40000013], [-0.39999999, -0.80000009], [0.0, 0.0], [0.0, 0.0], [0.0, 0.0], [0.0, 0.0], [0.0, 0.0], [0.0, 0.0]];[[11.200522764989898], [11.200522764989914], [12.943571463633733], [12.943571463633715], [0], [0], [0], [0], [0], [0]];[0.70000003,-3.40000013]
[-0.32595083,-0.85472791];[-0.01575128,-0.0039963,0.92399047,0.38207007];[[0.27298171, 0.72187889], [5.40000013, 1.70000004], [-0.79999996, 2.10000005], [-0.79999996, -0.89999999], [0.0, 0.0], [0.0, 0.0], [0.0, 0.0], [0.0, 0.0], [0.0, 0.0], [0.0, 0.0]];[[12.920337776518881], [8.32967662826423], [8.686977589053985], [60.71111260568316], [0], [0], [0], [0], [0], [0]];[-0.79999996,-0.89999999]
[-0.61839609,-0.91160198];[-1.49297780e-02,-7.33984685e-04,9.97032665e-01,7.55144324e-02];[[5.40000013, 1.70000004], [-0.79999996, 2.10000005], [0.0, 0.0], [0.0, 0.0], [0.0, 0.0], [0.0, 0.0], [0.0, 0.0], [0.0, 0.0], [0.0, 0.0], [0.0, 0.0]];[[61.62270017133595], [8.686977589053985], [0], [0], [0], [0], [0], [0], [0], [0]];[5.40000013,1.70000004]
[5.29830935,1.62151083];[0.00121197,-0.00153922,0.32071635,0.94717326];[[-0.71238787, -1.35740565], [4.70000008, 2.25000025], [-0.8, 2.00000024], [0.0, 0.0], [0.0, 0.0], [0.0, 0.0], [0.0, 0.0], [0.0, 0.0], [0.0, 0.0], [0.0, 0.0]];[[226.88893329536202], [47.39597303381598], [119.96183292475135], [0], [0], [0], [0], [0], [0], [0]];[-0.71238787,-1.35740565]
[-0.63323492,-1.28143675];[-0.00947887,-0.01091132,0.93901691,-0.34356706];[[-0.29339285, 2.02886302], [-1.99999977, -2.59999954], [0.0, 0.0], [0.0, 0.0], [0.0, 0.0], [0.0, 0.0], [0.0, 0.0], [0.0, 0.0], [0.0, 0.0], [0.0, 0.0]];[[5.365082149622608], [5.5271446285552015], [0], [0], [0], [0], [0], [0], [0], [0]];[-1.99999977,-2.59999954]
[-1.99878068,-2.54991511];[0.00178825,-0.0058247,0.88583455,-0.46396122];[[-0.8999997, 2.20000054], [-1.99999972, -4.19999956], [-5.19999977, -2.19999953], [-6.29999978, -1.09999951], [0.0, 0.0], [0.0, 0.0], [0.0, 0.0], [0.0, 0.0], [0.0, 0.0], [0.0, 0.0]];[[4.412167548478138], [4.535527462849748], [4.400724095639775], [4.399354134318268], [0], [0], [0], [0], [0], [0]];[-1.99999972,-4.19999956]
[-1.99332315,-3.95212187];[-6.03986781e-04,3.24964774e-03,-7.32090916e-01,6.81198927e-01];[[-0.29422385, 2.02630836], [-3.59999955, -3.99999956], [-5.49999958, -0.69999951], [-7.49999961, -4.19999956], [0.0, 0.0], [0.0, 0.0], [0.0, 0.0], [0.0, 0.0], [0.0, 0.0], [0.0, 0.0]];[[15.304353044182093], [4.410915770969849], [4.292671082274783], [4.3029245915771845], [0], [0], [0], [0], [0], [0]];[-0.29422385,2.02630836]
[-0.31279609,2.10960829];[0.01893402,0.00267591,0.54989931,0.83501204];[[-1.7567332, 2.50549177], [1.60000053, 5.30000058], [-3.59999955, -3.99999956], [-7.39999961, -4.09999956], [0.0, 0.0], [0.0, 0.0], [0.0, 0.0], [0.0, 0.0], [0.0, 0.0], [0.0, 0.0]];[[3.4975427601599245], [3.4304154183548947], [3.362419531954182], [3.3063716444135283], [0], [0], [0], [0], [0], [0]];[-1.7567332,2.50549177]
[-1.50856398,2.42680614];[0.01414768,-0.00617367,0.97761153,0.20985096];[[1.60000053, 5.30000058], [-1.79999952, 2.50000054], [-3.59999955, -3.99999956], [-7.39999961, -4.09999956], [0.0, 0.0], [0.0, 0.0], [0.0, 0.0], [0.0, 0.0], [0.0, 0.0], [0.0, 0.0]];[[6.206221751648755], [0.0], [3.3699530903659682], [3.314224072483004], [0], [0], [0], [0], [0], [0]];[1.60000053,5.30000058]
[1.71859233,5.36222361];[0.01908963,0.00301594,0.4512593,0.89218357];[[0.56666718, 5.43333392], [-3.29999955, 1.90000053], [-3.59999955, -3.99999956], [-4.79999957, 4.00000056], [-7.39999961, -4.09999956], [0.0, 0.0], [0.0, 0.0], [0.0, 0.0], [0.0, 0.0], [0.0, 0.0]];[[3.7165791852106844], [11.646599664149795], [9.998874805374296], [3.5806369870661214], [3.47214028377302], [0], [0], [0], [0], [0]];[-3.29999955,1.90000053]
[2.88464371,-1.30166013];[3.77721408e-03,-4.20813668e-04,8.83042398e-01,-4.69277827e-01];[[3.40000055, 5.40000058], [-3.29999955, 1.90000053], [-3.59999955, -3.99999956], [-4.79999957, 4.00000056], [-7.39999961, -4.09999956], [0.0, 0.0], [0.0, 0.0], [0.0, 0.0], [0.0, 0.0], [0.0, 0.0]];[[3.568225506736842], [8.278938541122908], [3.5701794894423196], [9.834042493840247], [3.515728800166157], [0], [0], [0], [0], [0]];[-4.79999957,4.00000056]
[1.31196513,5.35946575];[0.01935241,-0.00265708,0.67483758,0.7377077];[[0.93061122, 5.7528674], [3.40000055, 5.40000058], [-3.29999955, 1.90000053], [-3.59999955, -3.99999956], [-4.79999957, 4.00000056], [-7.39999961, -4.09999956], [0.0, 0.0], [0.0, 0.0], [0.0, 0.0], [0.0, 0.0]];[[3.848729757790433], [3.850233179711594], [3.7120654566847557], [7.0401478081022395], [3.7074032541833013], [8.229555743125339], [0], [0], [0], [0]];[-7.39999961,-4.09999956]
[0.08549292,-0.64579088];[-1.30482960e-03,-1.05582854e-04,9.74730345e-01,-2.23380906e-01];[[4.46034217, -1.21579671], [-0.09999998, -2.89999985], [0.0, 0.0], [0.0, 0.0], [0.0, 0.0], [0.0, 0.0], [0.0, 0.0], [0.0, 0.0], [0.0, 0.0], [0.0, 0.0]];[[1662.6755882714017], [23.02260439195626], [0], [0], [0], [0], [0], [0], [0], [0]];[4.46034217,-1.21579671]
[3.50611164,-0.57910715];[0.00544337,0.00181565,-0.22788264,0.97367169];[[-1.40188739, -1.23576792], [5.80000037, -1.80000013], [5.40000036, 1.69999993], [0.40000029, -1.30000012], [-0.18846017, 1.78090119], [0.0, 0.0], [0.0, 0.0], [0.0, 0.0], [0.0, 0.0], [0.0, 0.0]];[[2648.17783730001], [17.401510113281876], [17.393537609474663], [458.6755206071833], [16.404042426703427], [0], [0], [0], [0], [0]];[-1.40188739,-1.23576792]
[-1.2227927,-1.17894325];[-0.00482411,-0.0071294,0.98282845,-0.18432079];[[-1.3925733, -1.95221066], [6.20000037, -3.59999954], [5.40000036, 1.80000054], [4.20000034, -4.59999956], [-0.1820676, 1.87306702], [0.0, 0.0], [0.0, 0.0], [0.0, 0.0], [0.0, 0.0], [0.0, 0.0]];[[435.94828969670897], [58.66307213026617], [1101.870662152776], [58.29501915440971], [619.8974369053645], [0], [0], [0], [0], [0]];[5.40000036,1.80000054]
[5.29236612,1.71015694];[0.00325692,-0.00270128,0.3205555,0.94722029];[[-0.75435778, 2.68145392], [-1.46601771, -2.37571176], [6.30000037, -3.74999954], [4.59787258, 2.18634022], [4.20000034, -4.69999956], [2.59372497, -5.27910089], [1.80000031, -3.99999955], [0.0, 0.0], [0.0, 0.0], [0.0, 0.0]];[[169.1591715486112], [362.7249660119653], [177.16273140172552], [183.66053310096936], [169.56046770686154], [170.52915495979175], [170.46653700187383], [0], [0], [0]];[-1.46601771,-2.37571176]
[3.94971836,0.30732321];[7.08415778e-04,9.77076446e-04,9.21450647e-01,-3.88493562e-01];[[3.43240271, -5.46930854], [-0.78886527, 2.48188768], [-1.59316236, -2.40487257], [6.60000038, -4.69999956], [0.70000029, -2.49999953], [0.0, 0.0], [0.0, 0.0], [0.0, 0.0], [0.0, 0.0], [0.0, 0.0]];[[11.891642772304307], [27.702760066893415], [301.10173781484474], [13.447786085908229], [139.2244932279231], [0], [0], [0], [0], [0]];[-1.59316236,-2.40487257]
[0.64449429,-2.58721751];[0.0122171,0.00597401,0.96938664,-0.24516237];[[-0.43760199, 2.74564025], [2.59444053, -5.26509226], [-1.65672461, -2.20354783], [6.40000038, -5.49999957], [-1.90579629, -0.34279382], [0.0, 0.0], [0.0, 0.0], [0.0, 0.0], [0.0, 0.0], [0.0, 0.0]];[[11.418966215357448], [11.418966215357443], [11.826715454829571], [11.03614507919272], [23.62874522475283], [0], [0], [0], [0], [0]];[-1.90579629,-0.34279382]
[-1.72028165,-0.50959669];[0.01349408,0.01922453,0.93008028,0.36660468];[[-0.70509957, 2.63250206], [3.01414319, -5.75063698], [7.54293633, 2.70449281], [6.40000038, -5.49999957], [-1.91671264, -0.327773], [0.0, 0.0], [0.0, 0.0], [0.0, 0.0], [0.0, 0.0], [0.0, 0.0]];[[10.67623658450086], [10.3374239728153], [13.341709728928926], [10.018066339903987], [29.251466838157178], [0], [0], [0], [0], [0]];[-1.91671264,-0.327773]
[-1.72070813,-0.50917641];[0.01372613,0.01891505,0.93002342,0.36675638];[[-0.50068175, 2.8384237], [5.95603218, -5.54283979], [0.0, 0.0], [0.0, 0.0], [0.0, 0.0], [0.0, 0.0], [0.0, 0.0], [0.0, 0.0], [0.0, 0.0], [0.0, 0.0]];[[68.85947521968201], [10.018066339903973], [0], [0], [0], [0], [0], [0], [0], [0]];[-0.50068175,2.8384237]
[-0.56200657,2.57914051];[0.01421371,0.01944814,0.65100375,0.75869219];[[-1.51187963, -2.33991575], [-1.70415061, 5.3895357], [2.94295413, -5.71860397], [6.40000038, -5.49999957], [1.6000003, 2.50000055], [0.70000029, -4.19999955], [0.0, 0.0], [0.0, 0.0], [0.0, 0.0], [0.0, 0.0]];[[10.115332684180919], [10.115332684180913], [9.549774330059323], [9.549774330059295], [10.42219234126441], [9.824918000565713], [0], [0], [0], [0]];[1.6000003,2.50000055]
[1.33834927,2.50046655];[-7.06113629e-04,2.54509373e-02,-2.03922891e-03,9.99673745e-01];[[-1.61359837, -2.34142645], [-2.10075054, 5.25107618], [6.40000038, -5.49999957], [2.80000032, -5.69999957], [0.70000029, -4.19999955], [0.0, 0.0], [0.0, 0.0], [0.0, 0.0], [0.0, 0.0], [0.0, 0.0]];[[10.046783203220274], [10.325111205533227], [9.78215675628182], [13.82065342444233], [24.862705751807017], [0], [0], [0], [0], [0]];[0.70000029,-4.19999955]
[0.67557638,-4.09041786];[-0.01618323,0.02317394,-0.64919858,0.76009359];[[2.05119654, 3.34020487], [-0.74743745, 6.09659433], [-1.70000003, -3.24999954], [-2.00329882, 5.081557], [6.40000009, -5.49999957], [2.80000004, -5.69999957], [-2.70000004, 2.00000054], [0.0, 0.0], [0.0, 0.0], [0.0, 0.0]];[[16.52782619626169], [21.58427839443084], [9.18733885794421], [8.782621718465832], [8.980620420329334], [9.403308930052408], [8.980620420329338], [0], [0], [0]];[-0.74743745,6.09659433]
[-0.70929292,5.84104759];[2.18798499e-03,6.66143687e-04,7.55751592e-01,6.54854406e-01];[[-2.05117166, 6.73213053], [6.20000037, -5.49999957], [5.20000036, 2.50000055], [3.50000033, 2.80000055], [3.20000033, -6.19999958], [-1.49999974, -1.79999952], [-1.59999974, 8.90000064], [-4.69999979, 5.10000059], [0.0, 0.0], [0.0, 0.0]];[[10.0110754779974], [55.139305138846396], [9.804411090612597], [10.011075477997412], [31.930129118214396], [9.804411090612597], [10.011075477997409], [10.011075477997421], [0], [0]];[6.20000037,-5.49999957]
[4.92222104,1.50400633];[-4.65507267e-04,1.27481574e-03,-2.20529074e-01,9.75379456e-01];[[-2.11043513, 8.34498132], [6.39999984, -5.49999976], [2.99999979, -5.49999976], [0.69999975, -4.99999976], [0.0, 0.0], [0.0, 0.0], [0.0, 0.0], [0.0, 0.0], [0.0, 0.0], [0.0, 0.0]];[[21.313733909038625], [16.14696673040849], [16.146966730408497], [16.14696673040849], [0], [0], [0], [0], [0], [0]];[-2.11043513,8.34498132]
[0.17438702,0.22478518];[-7.18813834e-04,6.32496055e-04,2.92339821e-01,9.56314028e-01];[[0.19203435, -0.04427207], [3.40000005, -0.29999999], [0.0, 0.0], [0.0, 0.0], [0.0, 0.0], [0.0, 0.0], [0.0, 0.0], [0.0, 0.0], [0.0, 0.0], [0.0, 0.0]];[[497602.02726829075], [11.358162318514244], [0], [0], [0], [0], [0], [0], [0], [0]];[0.19203435,-0.04427207]
[2.31174101,-0.2284321];[-2.80703374e-04,9.68629528e-04,4.64779785e-02,9.98918806e-01];[[6.00000009, -1.7], [4.00000006, -1.39999999], [0.40000001, -0.99999999], [0.0, 0.0], [0.0, 0.0], [0.0, 0.0], [0.0, 0.0], [0.0, 0.0], [0.0, 0.0], [0.0, 0.0]];[[17.232694547389492], [19.45224517035884], [17943.36440805629], [0], [0], [0], [0], [0], [0], [0]];[0.40000001,-0.99999999]
[0.27498149,-1.00165972];[-0.00217966,-0.00616562,0.95888994,-0.28370289];[[-0.13453663, -0.05165438], [6.70000007, 1.40000011], [4.10000004, -1.39999993], [-2.20000006, 0.10000009], [0.0, 0.0], [0.0, 0.0], [0.0, 0.0], [0.0, 0.0], [0.0, 0.0], [0.0, 0.0]];[[7038.638715371045], [4258.400999522528], [3566.6063978789275], [68.62073255060149], [0], [0], [0], [0], [0], [0]];[-0.13453663,-0.05165438]
[0.00476128,-0.27810167];[-0.00144162,-0.00644101,0.88641642,0.46284161];[[-0.1359499, -0.05241268], [6.70000007, 1.40000011], [4.10000004, -1.39999993], [-2.20000006, 0.10000009], [0.0, 0.0], [0.0, 0.0], [0.0, 0.0], [0.0, 0.0], [0.0, 0.0], [0.0, 0.0]];[[2918.913919319518], [60.377528668494584], [64.98076094092985], [69.36717531804021], [0], [0], [0], [0], [0], [0]];[-0.1359499,-0.05241268]
[0.0043002,-0.2772981];[-0.00117235,-0.00729431,0.88643721,0.4627899];[[0.12810835, -0.55960203], [3.78754379, -1.30677728], [6.69999997, 1.40000011], [-2.60000017, 8.64267351e-08], [0.0, 0.0], [0.0, 0.0], [0.0, 0.0], [0.0, 0.0], [0.0, 0.0], [0.0, 0.0]];[[3392.853307562267], [65.13959999670521], [60.3529263742116], [69.72097303908328], [0], [0], [0], [0], [0], [0]];[0.12810835,-0.55960203]
[-2.35099254,-0.05308474];[-0.0034951,-0.00554321,0.99409401,0.10832434];[[4.31348283, -1.4540771], [6.70000009, 1.40000011], [-0.30000001, -1.19999993], [0.0, 0.0], [0.0, 0.0], [0.0, 0.0], [0.0, 0.0], [0.0, 0.0], [0.0, 0.0], [0.0, 0.0]];[[5007.2897434242195], [1084.1682227405786], [138.01363116366542], [0], [0], [0], [0], [0], [0], [0]];[4.31348283,-1.4540771]
[3.50945148,-0.69815261];[3.02699849e-03,4.09065448e-04,-2.89217306e-01,9.57258595e-01];[[5.5000003, 1.95000013], [0.22327495, 0.59610298], [4.90000029, -2.59999994], [-0.29999979, -1.19999992], [-3.51072907, -0.00305623468], [-6.49999988, -1.49999992], [0.0, 0.0], [0.0, 0.0], [0.0, 0.0], [0.0, 0.0]];[[0.10093338008252593], [0.48231744925293485], [0.0], [10.13663195099847], [0.6844711740125955], [0.09042468879384509], [0], [0], [0], [0]];[-0.29999979,-1.19999992]
[-0.38930785,-1.18448846];[-0.00166953,-0.00160313,0.9866604,-0.16277559];[[5.19440018, -3.75211104], [-3.73333311, -3.86666642], [-6.43333315, -1.33333305], [5.50000034, 2.00000033], [-2.24999977, 1.85000033], [0.50000032, -5.49999978], [0.40000032, -3.69999975], [0.0, 0.0], [0.0, 0.0], [0.0, 0.0]];[[3.384520753413931], [6.127345874324199], [3.3910725462647315], [117.95729303057075], [3.5830544207230046], [3.577065785281331], [3.7836965938599616], [0], [0], [0]];[5.50000034,2.00000033]
[5.38549886,1.89356629];[0.00636526,-0.00461231,0.36327063,0.9316505];[[0.40642104, 2.55154228], [-3.39659314, -3.79631908], [5.05000029, -3.44999985], [-1.64999981, 2.10000024], [-3.80186582, -0.73285434], [4.70000028, 2.20000024], [0.60000022, -5.99999988], [-6.79999989, -1.39999982], [0.0, 0.0], [0.0, 0.0]];[[122.81051470287125], [4710.13752969113], [87.03130739938194], [311.21124303447357], [948.6017601560245], [91.19192444424408], [182.29859910396874], [267.9558987928769], [0], [0]];[-3.39659314,-3.79631908]
[-3.21045005,-3.66002448];[-0.00483249,-0.00155414,0.93739604,-0.34822823];[[-5.99894945, -1.46567977], [-1.79999972, 2.10000033], [5.74010849, 2.71151614], [3.90000037, 2.00000033], [0.30000031, -3.29999975], [0.20000031, 2.60000034], [-3.29999974, -4.79999977], [-7.3999998, -2.99999974], [0.0, 0.0], [0.0, 0.0]];[[90.02334181815147], [87.1114314689679], [167.5461580504477], [215.22227613219673], [263.9485568301967], [1025.5543473154084], [196.15040298654165], [89.29574146532545], [0], [0]];[0.20000031,2.60000034]
[0.57291412,-0.13284298];[1.65221086e-04,-1.05849567e-04,-2.24766513e-01,9.74412634e-01];[[3.6025034, -0.27426375], [1.11617249, -0.42739736], [0.0, 0.0], [0.0, 0.0], [0.0, 0.0], [0.0, 0.0], [0.0, 0.0], [0.0, 0.0], [0.0, 0.0], [0.0, 0.0]];[[436.8938659671713], [51672.70121224477], [0], [0], [0], [0], [0], [0], [0], [0]];[1.11617249,-0.42739736]
[0.90276721,-0.30541622];[-5.04915241e-04,-8.62825044e-05,-2.09677577e-01,9.77770447e-01];[[0.44493164, -0.67668745], [6.10000009, -0.60000001], [0.0, 0.0], [0.0, 0.0], [0.0, 0.0], [0.0, 0.0], [0.0, 0.0], [0.0, 0.0], [0.0, 0.0], [0.0, 0.0]];[[3989.504061643591], [546.040397391207], [0], [0], [0], [0], [0], [0], [0], [0]];[0.44493164,-0.67668745]
[0.25609506,-0.75744234];[-0.00314035,0.00235307,0.90987716,-0.4148592];[[4.20000007, -1.29999994], [1.93715096e-08, -2.69999986], [0.0, 0.0], [0.0, 0.0], [0.0, 0.0], [0.0, 0.0], [0.0, 0.0], [0.0, 0.0], [0.0, 0.0], [0.0, 0.0]];[[85.66498106508463], [93.95315214506353], [0], [0], [0], [0], [0], [0], [0], [0]];[1.93715096e-08,-2.69999986e+00]
[0.03961183,-2.47645656];[-6.66939022e-04,-2.39367052e-03,-7.48277100e-01,6.63381624e-01];[[4.73151836, -1.37341687], [1.1108175, -3.44473667], [-0.11557592, -0.0096206], [0.0, 0.0], [0.0, 0.0], [0.0, 0.0], [0.0, 0.0], [0.0, 0.0], [0.0, 0.0], [0.0, 0.0]];[[7943.514668211462], [88.468103927887], [2993.8186471526897], [0], [0], [0], [0], [0], [0], [0]];[4.73151836,-1.37341687]
[0.18414736,-1.80911349];[0.00096012,0.00220092,-0.45842551,0.88872959];[[4.59803356, -1.35549908], [1.55119723, -3.40295553], [1.21326041, -6.1949501], [-0.19999998, -0.5999998], [0.0, 0.0], [0.0, 0.0], [0.0, 0.0], [0.0, 0.0], [0.0, 0.0], [0.0, 0.0]];[[80.79633448114627], [86.78114121573907], [81.13376889346607], [86.84852908082033], [0], [0], [0], [0], [0], [0]];[-0.19999998,-0.5999998]
[-0.25642584,-0.50868331];[0.0052099,0.01734822,0.74327127,0.66874488];[[4.80750281, -1.38368032], [2.70540108, -3.75890897], [0.0, 0.0], [0.0, 0.0], [0.0, 0.0], [0.0, 0.0], [0.0, 0.0], [0.0, 0.0], [0.0, 0.0], [0.0, 0.0]];[[6.580128581690594], [6.580128581690589], [0], [0], [0], [0], [0], [0], [0], [0]];[4.80750281,-1.38368032]
[4.67439877,-1.18747718];[0.00542313,0.00139997,-0.15864076,0.98732048];[[5.6000001, 2.09999995], [2.20000005, -4.80000015], [-0.19999998, -0.60000009], [0.0, 0.0], [0.0, 0.0], [0.0, 0.0], [0.0, 0.0], [0.0, 0.0], [0.0, 0.0], [0.0, 0.0]];[[13.557873429896354], [13.55787342989636], [231.17398762467576], [0], [0], [0], [0], [0], [0], [0]];[-0.19999998,-0.60000009]
[-0.29347967,-0.55935005];[0.0035266,0.00272986,0.99985856,-0.01621653];[[5.8118931, -5.43662772], [3.20000004, 1.99999995], [2.20000002, -4.80000015], [0.0, 0.0], [0.0, 0.0], [0.0, 0.0], [0.0, 0.0], [0.0, 0.0], [0.0, 0.0], [0.0, 0.0]];[[12.56939345881423], [67.05867674469688], [12.56939345881423], [0], [0], [0], [0], [0], [0], [0]];[3.20000004,1.99999995]
[0.46576094,-0.09343414];[-4.52341630e-05,-4.57868198e-05,-2.15104892e-01,9.76590957e-01];[[1.08784114, -0.32276807], [4.50000007, -0.80000001], [0.0, 0.0], [0.0, 0.0], [0.0, 0.0], [0.0, 0.0], [0.0, 0.0], [0.0, 0.0], [0.0, 0.0], [0.0, 0.0]];[[112511723952427.2], [134100214670615.78], [0], [0], [0], [0], [0], [0], [0], [0]];[4.50000007,-0.80000001]
[4.25441105,-0.74402559];[0.00122199,0.00178126,-0.10879869,0.99406146];[[0.98404245, -1.05695573], [5.35000008, 1.89999992], [0.0, 0.0], [0.0, 0.0], [0.0, 0.0], [0.0, 0.0], [0.0, 0.0], [0.0, 0.0], [0.0, 0.0], [0.0, 0.0]];[[5898.924847953969], [45.40830262431802], [0], [0], [0], [0], [0], [0], [0], [0]];[0.98404245,-1.05695573]
[0.32857692,-0.97837173];[0.00237511,-0.00200799,0.93639592,0.35093161];[[-1.9085315, -0.36822966], [5.10000033, -6.54999959], [6.30000035, -5.09999957], [5.40000034, 1.90000053], [2.6000003, -6.19999959], [0.30000026, -2.79999954], [0.0, 0.0], [0.0, 0.0], [0.0, 0.0], [0.0, 0.0]];[[0.29104730120255884], [0.03412571073731485], [0.030107874506711412], [0.4995059338982104], [0.0], [0.036813290467705956], [0], [0], [0], [0]];[5.40000034,1.90000053]
[5.31635133,1.81283256];[0.00457339,-0.00144551,0.37173473,0.9283266];[[6.39634408, -4.95700367], [4.90000033, -6.34999959], [2.64575739, -6.20038713], [3.20000031, 1.90000053], [0.30000026, -2.79999954], [-1.59999977, -0.0999995], [0.0, 0.0], [0.0, 0.0], [0.0, 0.0], [0.0, 0.0]];[[0.0], [0.0], [0.0], [0.0], [0.0], [0.0], [0], [0], [0], [0]];[6.39634408,-4.95700367]
[6.17449189,-4.83896971];[-7.40935683e-04,1.41435511e-03,-5.36197413e-01,8.44091104e-01];[[-1.65468149, -0.16275617], [0.30000026, -2.79999972], [0.0, 0.0], [0.0, 0.0], [0.0, 0.0], [0.0, 0.0], [0.0, 0.0], [0.0, 0.0], [0.0, 0.0], [0.0, 0.0]];[[0.0], [0.0], [0], [0], [0], [0], [0], [0], [0], [0]];[-1.65468149,-0.16275617]
[-1.47439917,-0.31156063];[0.00191718,0.00532386,0.92448386,0.38117918];[[0.66920161, -4.75172879], [-1.89999977, -3.09999973], [0.0, 0.0], [0.0, 0.0], [0.0, 0.0], [0.0, 0.0], [0.0, 0.0], [0.0, 0.0], [0.0, 0.0], [0.0, 0.0]];[[0.0], [0.0], [0], [0], [0], [0], [0], [0], [0], [0]];[0.66920161,-4.75172879]
[-0.78844347,-0.97163138];[0.01972825,0.00991662,0.95317669,0.3016068];[[-4.06666653, -3.4666664], [-0.02872558, -6.30817032], [-1.49999982, -3.49999973], [0.0, 0.0], [0.0, 0.0], [0.0, 0.0], [0.0, 0.0], [0.0, 0.0], [0.0, 0.0], [0.0, 0.0]];[[0.0], [0.0], [0.0], [0], [0], [0], [0], [0], [0], [0]];[-4.06666653,-3.4666664]
[-3.86084874,-3.34902497];[0.0109896,-0.02187933,0.97880792,-0.20331153];[[-3.34910276, -5.29733656], [2.53559947, 1.60244858], [-1.49999982, -3.59999974], [-4.59999987, -2.29999972], [0.0, 0.0], [0.0, 0.0], [0.0, 0.0], [0.0, 0.0], [0.0, 0.0], [0.0, 0.0]];[[0.0], [0.0], [0.0], [0.0], [0], [0], [0], [0], [0], [0]];[-3.34910276,-5.29733656]
[-3.41180025,-5.0551929];[0.00694558,0.02519148,-0.60396328,0.79658363];[[-2.43660167, -5.60245896], [-7.00000018, -5.39999976], [-7.10000018, -3.89999974], [0.0, 0.0], [0.0, 0.0], [0.0, 0.0], [0.0, 0.0], [0.0, 0.0], [0.0, 0.0], [0.0, 0.0]];[[0.0], [0.0], [0.0], [0], [0], [0], [0], [0], [0], [0]];[-2.43660167,-5.60245896]
[0.19467804,0.24726634];[-1.36412657e-03,8.13749893e-04,3.03854961e-01,9.52716975e-01];[[4.20000006, -0.29999996], [2.60835862, -0.32540473], [0.0, 0.0], [0.0, 0.0], [0.0, 0.0], [0.0, 0.0], [0.0, 0.0], [0.0, 0.0], [0.0, 0.0], [0.0, 0.0]];[[238.9188822320552], [1489.4944058666133], [0], [0], [0], [0], [0], [0], [0], [0]];[2.60835862,-0.32540473]
[2.36123959,-0.27435361];[4.82715355e-04,-4.74684187e-05,-9.49175513e-02,9.95485023e-01];[[3.93448194, -1.28432251], [0.53770918, -0.13055084], [4.58892679, 0.40971974], [0.0, 0.0], [0.0, 0.0], [0.0, 0.0], [0.0, 0.0], [0.0, 0.0], [0.0, 0.0], [0.0, 0.0]];[[45.42741957526726], [11385.235999521701], [0.0], [0], [0], [0], [0], [0], [0], [0]];[0.53770918,-0.13055084]
[3.847267,-1.18137006];[0.00191937,0.00097,-0.41078905,0.91172788];[[1.25843806, -4.25583854], [3.90000006, -5.24999978], [5.50000008, 1.60000033], [0.0, 0.0], [0.0, 0.0], [0.0, 0.0], [0.0, 0.0], [0.0, 0.0], [0.0, 0.0], [0.0, 0.0]];[[21.23238156553027], [21.23238156553028], [21.23238156553028], [0], [0], [0], [0], [0], [0], [0]];[3.90000006,-5.24999978]
[3.90044753,-5.00774795];[0.00261373,0.00167361,-0.69497763,0.71902467];[[6.20000009, -5.30000016], [5.50000008, 1.59999995], [0.50000001, -2.80000012], [0.0, 0.0], [0.0, 0.0], [0.0, 0.0], [0.0, 0.0], [0.0, 0.0], [0.0, 0.0], [0.0, 0.0]];[[219.68267045661648], [191.06253563631387], [205.0922225175351], [0], [0], [0], [0], [0], [0], [0]];[6.20000009,-5.30000016]
[0.74779001,-2.90718726];[0.00652059,-0.00177834,0.98112461,0.19325844];[[6.34054364, -5.39287022], [0.89823588, -5.3964155], [-0.87914416, -0.49325814], [5.60000007, 1.60000033], [0.0, 0.0], [0.0, 0.0], [0.0, 0.0], [0.0, 0.0], [0.0, 0.0], [0.0, 0.0]];[[155.43428620874275], [164.08825694626663], [982.6269005723167], [147.57455911878935], [0], [0], [0], [0], [0], [0]];[-0.87914416,-0.49325814]
[-0.73777439,-0.70350485];[7.47340962e-03,-2.61670750e-04,8.91116316e-01,4.53713339e-01];[[-1.336091, -1.39600967], [6.20000015, -5.29999978], [5.60000014, 1.60000033], [0.49293166, -3.21354222], [5.66244127e-08, 1.60000033], [0.0, 0.0], [0.0, 0.0], [0.0, 0.0], [0.0, 0.0], [0.0, 0.0]];[[650.5315536813397], [146.26100310688832], [146.2235839035568], [258.30960166101653], [161.18547372460137], [0], [0], [0], [0], [0]];[-1.336091,-1.39600967]
[-1.40515529,-1.53408055];[-0.00755584,0.00279549,0.94662703,-0.3222303];[[0.28942363, 0.95097298], [6.20000015, -5.29999978], [5.60000014, 1.60000033], [0.0, 0.0], [0.0, 0.0], [0.0, 0.0], [0.0, 0.0], [0.0, 0.0], [0.0, 0.0], [0.0, 0.0]];[[151.75540888046365], [144.86668153728615], [272.4184004897394], [0], [0], [0], [0], [0], [0], [0]];[5.60000014,1.60000033]
[5.37905231,1.4672349];[2.14404668e-03,8.87201117e-04,3.23038200e-01,9.46383075e-01];[[6.26052097, -5.95059922], [-1.85353394, -4.39344805], [7.80000037, -5.59999978], [4.60000033, 2.30000034], [-0.29999975, 1.60000033], [-1.59999977, -2.39999973], [-1.74134159, -0.16547924], [0.0, 0.0], [0.0, 0.0], [0.0, 0.0]];[[269.07628763200717], [258.92837640240907], [236.71397813700943], [292.2411047377764], [692.853170744198], [272.4264921723317], [568.3162284407184], [0], [0], [0]];[-0.29999975,1.60000033]
[0.30338629,0.41682788];[-2.11875608e-04,-9.26493226e-05,2.12536335e-01,9.77153134e-01];[[0.95857408, -5.40514954], [7.80000031, -5.59999978], [6.20000029, -5.29999978], [-1.99999983, -2.79999974], [0.0, 0.0], [0.0, 0.0], [0.0, 0.0], [0.0, 0.0], [0.0, 0.0], [0.0, 0.0]];[[226.35701157017982], [197.88623940242752], [219.82909960415938], [226.47430642182275], [0], [0], [0], [0], [0], [0]];[-1.99999983,-2.79999974]
[-1.56961469,-2.58535672];[-0.00192682,0.00333641,-0.08338277,0.99651015];[[0.89758863, -5.91591542], [7.80000031, -5.60000006], [6.20000029, -5.30000006], [-3.49999985, -5.30000006], [-4.19999986, -2.60000002], [-4.20424223, 2.28314805], [0.0, 0.0], [0.0, 0.0], [0.0, 0.0], [0.0, 0.0]];[[9.285734094599364], [6.146735487643799], [6.580620347100978], [6.76488011305342], [6.912516717978022], [4.843316688120736], [0], [0], [0], [0]];[0.89758863,-5.91591542]
[0.79454074,-5.70763129];[-0.00783216,0.00645726,-0.52153507,0.85316946];[[-3.74759235, -5.53702248], [7.80000014, -5.59999958], [6.20000011, -5.29999958], [-4.30000004, -2.39999953], [0.0, 0.0], [0.0, 0.0], [0.0, 0.0], [0.0, 0.0], [0.0, 0.0], [0.0, 0.0]];[[6.155854228152443], [5.641369199322502], [6.012640681213182], [6.024239083602091], [0], [0], [0], [0], [0], [0]];[-3.74759235,-5.53702248]
[-3.68896373,-5.50358255];[0.01608273,0.01626958,0.99556587,-0.09124275];[[7.80000043, -5.59999958], [6.2000004, -5.29999958], [-3.59999974, -0.79999951], [-5.31393433, -6.48230743], [-7.1999998, -5.39999958], [0.0, 0.0], [0.0, 0.0], [0.0, 0.0], [0.0, 0.0], [0.0, 0.0]];[[17.894189387247188], [18.27678288659861], [19.084731825787163], [19.51150728473409], [19.084731825787138], [0], [0], [0], [0], [0]];[-5.31393433,-6.48230743]
[-5.10891697,-6.36539264];[0.01781197,0.01412434,0.97155304,-0.23572849];[[7.80000043, -5.59999958], [6.2000004, -5.29999958], [-3.59999974, -0.79999951], [-7.0999998, -5.29999958], [0.0, 0.0], [0.0, 0.0], [0.0, 0.0], [0.0, 0.0], [0.0, 0.0], [0.0, 0.0]];[[17.422500436714827], [18.16280590813197], [18.5531751938948], [18.957898532460845], [0], [0], [0], [0], [0], [0]];[-7.0999998,-5.29999958]
[-7.33302881,-5.19662733];[0.0139987,0.01726231,0.99120465,-0.13045844];[[7.80000043, -5.59999958], [6.2000004, -5.29999958], [-5.09999977, -0.3999995], [0.0, 0.0], [0.0, 0.0], [0.0, 0.0], [0.0, 0.0], [0.0, 0.0], [0.0, 0.0], [0.0, 0.0]];[[16.10555287115354], [16.414297089337406], [17.75697331683233], [0], [0], [0], [0], [0], [0], [0]];[-5.09999977,-0.3999995]
[-5.20098258,-0.53101319];[-0.00760868,0.01951958,0.42995809,0.90260575];[[6.80094299, -5.40395987], [-6.14999978, 2.25000054], [0.0, 0.0], [0.0, 0.0], [0.0, 0.0], [0.0, 0.0], [0.0, 0.0], [0.0, 0.0], [0.0, 0.0], [0.0, 0.0]];[[0.0], [0.0], [0], [0], [0], [0], [0], [0], [0], [0]];[6.80094299,-5.40395987]
[0.1810088,0.23437485];[-1.60955594e-03,4.19387610e-04,2.95634505e-01,9.55299679e-01];[[0.23728447, -0.07924912], [4.00000006, -0.29999996], [0.0, 0.0], [0.0, 0.0], [0.0, 0.0], [0.0, 0.0], [0.0, 0.0], [0.0, 0.0], [0.0, 0.0], [0.0, 0.0]];[[2380265.3399837934], [571.1992108688564], [0], [0], [0], [0], [0], [0], [0], [0]];[0.23728447,-0.07924912]
[0.22910219,-0.33060853];[3.56404697e-04,7.65546024e-05,-5.78411297e-01,8.15745200e-01];[[0.93668812, -0.57258395], [4.06535816, -0.29297003], [0.0, 0.0], [0.0, 0.0], [0.0, 0.0], [0.0, 0.0], [0.0, 0.0], [0.0, 0.0], [0.0, 0.0], [0.0, 0.0]];[[0.0], [0.0], [0], [0], [0], [0], [0], [0], [0], [0]];[0.93668812,-0.57258395]
[0.69639028,-0.46227];[1.02875500e-04,-2.38493986e-04,-2.20459659e-01,9.75396062e-01];[[4.50460057, -0.64477015], [0.40000001, -0.80000001], [0.0, 0.0], [0.0, 0.0], [0.0, 0.0], [0.0, 0.0], [0.0, 0.0], [0.0, 0.0], [0.0, 0.0], [0.0, 0.0]];[[489.92699875055257], [123994.84101389335], [0], [0], [0], [0], [0], [0], [0], [0]];[0.40000001,-0.80000001]
[0.24736608,-0.90326637];[-5.35595234e-04,-7.51611357e-04,-8.59288473e-01,5.11490407e-01];[[3.96968659, -0.77240684], [5.80394363, -0.70434338], [0.0, 0.0], [0.0, 0.0], [0.0, 0.0], [0.0, 0.0], [0.0, 0.0], [0.0, 0.0], [0.0, 0.0], [0.0, 0.0]];[[492.4899446384344], [467.59487445372116], [0], [0], [0], [0], [0], [0], [0], [0]];[3.96968659,-0.77240684]
[3.92455303,-0.74668235];[0.0048438,0.00367703,-0.10409285,0.99454899];[[-2.53629331, -3.48671864], [1.04999989, -3.39999976], [-1.70419714, -0.85120621], [6.19999997, -1.89999973], [5.69999996, 1.90000032], [4.29999994, -1.39999973], [-0.30000013, 1.80000032], [0.0, 0.0], [0.0, 0.0], [0.0, 0.0]];[[3.900464343526879], [4.104130429827725], [32.260439905776096], [4.335794267697145], [4.104130429827729], [4.335794267697146], [979.3850729813907], [0], [0], [0]];[-0.30000013,1.80000032]
[-0.45010652,1.84851648];[-0.00093447,0.00164611,0.93294727,0.36000808];[[1.05, -3.39999976], [4.90000006, -2.29999974], [4.80000005, 1.90000032], [-1.80000004, 1.80000032], [-3.20000007, -3.69999976], [0.0, 0.0], [0.0, 0.0], [0.0, 0.0], [0.0, 0.0], [0.0, 0.0]];[[4.154198908240616], [3.9918656039511995], [4.154198908240616], [40.40987943035008], [3.9918656039511995], [0], [0], [0], [0], [0]];[-1.80000004,1.80000032]
[-2.01128049,1.8466561];[-0.00451861,-0.00383984,0.99149279,-0.13002652];[[5.92962817, 1.98706046], [4.89999995, -2.29999974], [1.6999999, 5.60000038], [-3.20000017, -3.69999976], [0.0, 0.0], [0.0, 0.0], [0.0, 0.0], [0.0, 0.0], [0.0, 0.0], [0.0, 0.0]];[[118.40477372466374], [9.203109873218512], [9.167900080964138], [9.17467233598715], [0], [0], [0], [0], [0], [0]];[5.92962817,1.98706046]
[5.68709963,1.97798215];[-0.00338805,-0.00229788,0.01127982,0.99992801];[[1.20370609, -3.5973998], [-3.49971539, -4.10107682], [5.19999996, -2.39999974], [1.6999999, 5.60000038], [-1.8194443, -3.00051451], [-1.90000015, 1.90000032], [0.0, 0.0], [0.0, 0.0], [0.0, 0.0], [0.0, 0.0]];[[0.7848286241590131], [0.7654395807598843], [0.8160475783251494], [0.7638872709333869], [0.7757369902170606], [4.287547684237542], [0], [0], [0], [0]];[-1.90000015,1.90000032]
[-1.63769649,1.89961478];[-0.00687883,0.00252153,0.99997105,-0.00205122];[[1.70000031, 5.60000038], [-1.74383402, -0.29075712], [-4.41747713, -4.63494921], [-5.09999979, 2.70000034], [0.0, 0.0], [0.0, 0.0], [0.0, 0.0], [0.0, 0.0], [0.0, 0.0], [0.0, 0.0]];[[3.636979171086064], [39.31372098011692], [3.6675435903637585], [3.7159303216180506], [0], [0], [0], [0], [0], [0]];[-1.74383402,-0.29075712]
[-1.69665517,-0.49945446];[0.01010317,0.00895703,-0.79229455,0.60998937];[[5.44999542, -2.45468146], [-3.75143564, -4.25042703], [3.5935626, -1.61221611], [1.70000003, 5.60000038], [1.60771143, -3.05559325], [-0.3153629, 4.89361382], [-5.50000008, 2.40000033], [0.0, 0.0], [0.0, 0.0], [0.0, 0.0]];[[41.377657738024304], [6.82999300763771], [56.20255790200524], [6.678270661869513], [8.581229054617298], [22.555907818194132], [6.678270661869511], [0], [0], [0]];[3.5935626,-1.61221611]
[3.82401502,-1.62390341];[0.00357352,0.00403513,-0.19381676,0.98102293];[[-4.14434098, -4.3299882], [1.50000022, 5.60000039], [-1.09999982, -3.69999975], [-5.39999988, 2.00000034], [0.0, 0.0], [0.0, 0.0], [0.0, 0.0], [0.0, 0.0], [0.0, 0.0], [0.0, 0.0]];[[10.041855765703518], [10.041855765703513], [10.24815599690432], [10.041855765703508], [0], [0], [0], [0], [0], [0]];[-1.09999982,-3.69999975]
[-1.67241902,-3.84189051];[-0.00326056,0.01058747,-0.81515578,0.57913586];[[-3.93333348, -3.3666662], [0.54849546, -5.18314969], [-5.13810686, 1.34458733], [6.50000001, -7.29999959], [1.49999994, 5.6000006], [0.0, 0.0], [0.0, 0.0], [0.0, 0.0], [0.0, 0.0], [0.0, 0.0]];[[10.089707238696754], [9.906921901024589], [9.73024408820755], [9.394130558186967], [9.39413055818696], [0], [0], [0], [0], [0]];[-3.93333348,-3.3666662]
[-3.69724813,-3.41519517];[0.00915559,-0.00283904,0.99552193,0.09404371];[[-3.90951914, -4.48502506], [6.79499388, 2.80998015], [6.50000031, -7.29999959], [1.50000024, 5.6000006], [0.50000022, -5.19999956], [-4.29999985, -1.2999995], [-5.39999987, 2.00000055], [-6.09999988, -2.49999952], [-7.3999999, -3.39999953], [0.0, 0.0]];[[10.174796829054372], [21.451194687499314], [9.486279248850442], [9.48627924885043], [9.819223495537646], [10.174796829054372], [9.819223495537658], [10.174796829054367], [9.994053463976332], [0]];[6.79499388,2.80998015]
[1.6248439,6.49424958];[0.02085247,0.01618574,-0.39467401,0.91844195];[[-3.89372758, -4.29790416], [6.50000041, -7.29999959], [2.80000035, 5.10000059], [0.50000032, -5.19999956], [-0.8999997, 5.5000006], [-5.39999977, 2.00000055], [-7.3999998, -3.39999953], [0.0, 0.0], [0.0, 0.0], [0.0, 0.0]];[[18.348723742183846], [9.017920917040305], [9.017920917040316], [12.408444384919203], [10.023341058164883], [9.752740124882466], [9.49554947705919], [0], [0], [0]];[-3.89372758,-4.29790416]
[1.62688604,6.49722874];[0.02116584,0.01532018,-0.38844872,0.92109983];[[-3.94999975, -4.19999954], [-5.53335627, 2.55151895], [2.80000035, 5.10000059], [0.50000032, -5.19999956], [-0.8999997, 5.5000006], [-7.3999998, -3.39999953], [0.0, 0.0], [0.0, 0.0], [0.0, 0.0], [0.0, 0.0]];[[0.0], [0.0], [0.0], [0.0], [0.0], [0.0], [0], [0], [0], [0]];[-3.94999975,-4.19999954]
[1.67668991,6.67900989];[0.02536239,0.00535832,0.07057849,0.99716936];[[-4.17935225, -4.38443051], [6.89666367, 2.81222224], [6.50000041, -7.29999959], [2.80000035, 5.10000059], [0.50000032, -5.19999956], [-0.8999997, 5.5000006], [-5.39999977, 2.00000055], [-7.3999998, -3.39999953], [0.0, 0.0], [0.0, 0.0]];[[0.0], [0.0], [0.0], [0.0], [0.0], [0.0], [0.0], [0.0], [0], [0]];[-4.17935225,-4.38443051]
